roomtype,listings,percent
Entire home/apt,1670,77.63830776383077
Private room,461,21.431892143189216
Hotel room,11,0.5113900511390052
Shared room,9,0.41841004184100417
