roomtype,listings,percent
Entire home/apt,1683,77.52187931828651
Private room,468,21.55688622754491
Hotel room,11,0.5066789497927222
Shared room,9,0.4145555043758637
