roomtype,listings,percent
Entire home/apt,1676,77.66450417052828
Private room,462,21.408711770157556
Hotel room,11,0.5097312326227988
Shared room,9,0.41705282669138094
