propertytype,listings,percent
House,903,41.59373560571165
Apartment,355,16.3519115614924
Guest suite,327,15.062183325656381
Bungalow,109,5.020727775218793
Condominium,92,4.237678489175495
Guesthouse,92,4.237678489175495
Cottage,69,3.178258866881621
Cabin,57,2.62551819438047
Townhouse,35,1.612160294795025
Loft,30,1.381851681252879
