propertytype,listings,percent
House,891,41.42259414225941
Apartment,351,16.317991631799163
Guest suite,326,15.15574151557415
Bungalow,108,5.02092050209205
Condominium,92,4.277080427708043
Guesthouse,90,4.184100418410042
Cottage,69,3.2078103207810322
Cabin,57,2.6499302649930265
Townhouse,35,1.6271501627150162
Loft,30,1.394700139470014
