propertytype,listings,percent
House,895,41.47358665430955
Apartment,352,16.311399443929563
Guest suite,326,15.106580166821132
Bungalow,109,5.050973123262279
Condominium,92,4.263206672845228
Guesthouse,91,4.216867469879518
Cottage,69,3.19740500463392
Cabin,57,2.6413345690454126
Townhouse,35,1.6218721037998145
Loft,30,1.3901760889712698
